{
  "fold_accuracies": [
    0.9994717379820391,
    0.9978869519281564,
    0.9989434759640782,
    0.9984143763213531,
    0.9973572938689218
  ],
  "mean_accuracy": 0.9984147672129098,
  "std_accuracy": 0.0007474702871976426,
  "params": {
    "hidden_size": 512,
    "dropout1": 0.6,
    "dropout2": 0.2,
    "lr_head": 0.00010018231642194055,
    "lr_backbone": 9.521123310525756e-05,
    "batch_size": 16,
    "head_epochs": 4,
    "finetune_epochs": 9
  }
}